Topic,Historical Context,Fact
History,"The 1970 declaration by General Yakubu Gowon aimed to promote national reconciliation after the Nigerian Civil War without assigning blame.",The phrase 'No Victor No Vanquished' was coined to foster unity and heal the nation after the three-year conflict.
History,"Anthony Azekwoh's modern oil painting captures the collective memory and emotional weight of Nigeria's post-war transition.",The artwork 'No Victor No Vanquished' serves as a visual exploration of national trauma and identity.
History,"The amalgamation of northern and southern territories by British colonial administration laid the geographical foundation of modern Nigeria.",Nigeria was officially amalgamated in 1914 under the direction of Sir Frederick Lugard.
History,"The transition from colonial rule to self-governance culminated in a massive national celebration in Lagos.",Nigeria gained its independence from British colonial rule on October 1, 1960.
History,"The collapse of the First Republic led to a structural shift from regional governance to a federal state structure.",Nigeria officially became a Federal Republic in 1963, severing its remaining constitutional ties to the British monarchy.
Culture,"The ancient Nok civilization of central Nigeria produced some of the earliest refined art traditions in West Africa.",The Nok Culture is famous for its distinct terracotta sculptures dating back to 1500 BC.
Culture,"The convergence of diverse linguistic groups across the Niger and Benue rivers created a rich multi-ethnic tapestry.",Nigeria is home to over 250 distinct ethnic groups, with Hausa, Yoruba, and Igbo being the largest.
Culture,"The rapid evolution of the domestic film ecosystem in Lagos during the 1990s created a massive global entertainment export.",Nigeria's film industry, popularly known as Nollywood, is globally recognized as one of the largest film producers by volume.
Geography,"The geographical unique point where Nigeria's two largest rivers meet forms a prominent 'Y' shape on the national map.",The Niger and Benue rivers converge at Lokoja, the current capital of Kogi State.
Geography,"The preservation of West Africa's remaining dense rainforest tracts led to the creation of protected biodiversity zones.",Cross River National Park holds one of the oldest and most biodiverse rainforests in Africa.
Tech,"The explosive growth of Lagos as a venture capital and software engineering hub earned it a prominent global tech moniker.",Yaba, a suburb in Lagos, is widely referred to as the 'Silicon Lagoon' due to its high concentration of tech startups.
Tech,"The launch of indigenous communication satellites marked Nigeria's entry into orbital space technology for telecommunications.",NigComSat-1, launched in 2007, was Africa's first communication satellite.